flr,hp,lv,sp,pt,ar,st,unknown area,stair,game clear
1,34,13,80,2,0,0,55.46666667,1,-1
1,36,13,102,0,0,2,47.46666667,-1,1
1,54,17,101,3,0,0,33.4,1,-1
1,38,10,117,2,0,1,64.53333333,-1,-1
1,61,8,98,2,0,0,87.86666667,-1,1
1,55,10,97,0,0,1,90.2,1,-1
1,52,20,56,0,6,3,41.4,1,1
1,14,11,110,0,4,2,63.46666667,-1,-1
1,32,8,150,0,0,0,81.13333333,-1,1
