flr,hp,lv,sp,pt,ar,st,unknown area,stair,game clear
2,70,21,82,1,0,1,59.53333333,1,-1
2,88,16,111,0,3,2,69.53333333,1,1
2,62,20,142,2,0,2,49,1,-1
2,56,16,119,2,0,3,62.73333333,-1,1
2,0,15,60,0,0,4,88.26666667,-1,-1
2,66,19,125,2,1,1,57.73333333,1,-1
2,72,18,79,3,0,2,35.66666667,1,-1
2,92,15,131,3,0,2,66.2,-1,-1
2,59,22,56,2,0,2,46.13333333,1,1
2,75,15,87,3,3,0,89.2,-1,-1
